Element,Item1,Item2
Air,,
Earth,,
Fire,,
Water,,
Time,,
Dust,Earth,Air
Energy,Fire,Fire
Land,Earth,Earth
Lava,Earth,Fire
Mist,Air,Water
Mud,Water,Earth
Pressure,Air,Air
Puddle,Water,Water
Smoke,Fire,Air
Steam,Water,Fire
Brick,Mud,Fire
Continent,Land,Land
Continent,Land,Earth
Earthquake,Earth,Energy
Eruption,Pressure,Lava
Geyser,Steam,Earth
Geyser,Steam,Pressure
Granite,Pressure,Lava
Gunpowder,Fire,Dust
Gunpowder,Energy,Dust
Heat,Air,Energy
Obsidian,Lava,Water
Pond,Puddle,Puddle
Pond,Puddle,Water
Stone,Earth,Pressure
Stone,Air,Lava
Volcano,Lava,Earth
Wind,Air,Pressure
Chimney,Smoke,Brick
Chimney,Smoke,Stone
Clay,Mud,Stone
Explosion,Fire,Gunpowder
Explosion,Pressure,Volcano
Lake,Pond,Water
Lake,Pond,Pond
Metal,Stone,Fire
Metal,Stone,Heat
Mountain,Earth,Earthquake
Planet,Continent,Continent
Plasma,Heat,Heat
Plasma,Heat,Pressure
Sand,Stone,Air
Sand,Stone,Wind
Tornado,Wind,Wind
Wall,Brick,Brick
Wall,Stone,Stone
Warmth,Heat,Air
Atmosphere,Air,Planet
Atomic bomb,Explosion,Energy
Atomic bomb,Explosion,Explosion
Avalanche,Earthquake,Mountain
Beach,Sand,Lake
Beach,Sand,Water
Blade,Stone,Metal
Boiler,Pressure,Metal
Boiler,Steam,Metal
Bullet,Gunpowder,Metal
Dam,Water,Wall
Desert,Sand,Sand
Desert,Sand,Land
Dune,Wind,Sand
Firewall,Fire,Wall
Glass,Sand,Fire
Glass,Sand,Heat
Gold,Metal,Sand
Grenade,Explosion,Metal
House,Wall,Wall
Mercury,Planet,Heat
Moon,Stone,Planet
Mountain range,Mountain,Mountain
Mountain range,Mountain,Continent
Plow,Earth,Metal
River,Water,Mountain
Rust,Air,Metal
Sandstone,Sand,Stone
Sandstone,Sand,Earth
Sandstorm,Sand,Tornado
Sea,Lake,Lake
Sea,Lake,Water
Solar system,Planet,Planet
Sun,Planet,Fire
Venus,Planet,Volcano
Waterfall,Lake,Mountain
Wave,Lake,Wind
Aquarium,Glass,Water
Aquarium,Glass,Puddle
Aquarium,Glass,Pond
Aurora,Sun,Atmosphere
Bank,Gold,House
Black hole,Pressure,Sun
Blender,Blade,Glass
Bridge,Metal,River
Cloud,Atmosphere,Mist
Cloud,Atmosphere,Water
Current,Sea,Heat
Eclipse,Sun,Moon
Factory,House,Chimney
Field,Plow,Earth
Field,Plow,Land
Fireworks,Explosion,Atmosphere
Flood,House,River
Galaxy,Solar system,Solar system
Glasses,Glass,Glass
Glasses,Glass,Metal
Gun,Bullet,Metal
Hourglass,Sand,Glass
Hourglass,Sand,Time
Hourglass,Glass,Time
Hurricane,Sea,Tornado
Island,Volcano,Sea
Katana,Blade,Heat
Mars,Planet,Rust
Mars,Planet,Desert
Meteoroid,Solar system,Stone
Meteoroid,Sun,Stone
Mirror,Glass,Metal
Oasis,Desert,Water
Oasis,Desert,Puddle
Oasis,Desert,Pond
Oasis,Desert,River
Oasis,Desert,Lake
Ocean,Sea,Sea
Ocean,Sea,Water
Primordial soup,Lava,Sea
Primordial soup,Planet,Sea
Primordial soup,Earth,Sea
Pyramid,Desert,Stone
Pyramid,Desert,Mountain
Rainbow,Water,Sun
Rocket,Atmosphere,Metal
Safe,Metal,Gold
Salt,Sea,Sun
Salt,Sea,Fire
Scissors,Blade,Blade
Sky,Sun,Atmosphere
Sky,Sun,Moon
Solar cell,Sun,Energy
Sound,Wave,Air
Space station,Atmosphere,House
Space station,Atmosphere,Wall
Supernova,Explosion,Sun
Swimming pool,House,Lake
Sword,Blade,Metal
Telescope,Glass,Moon
Telescope,Glass,Planet
Telescope,Glass,Mercury
Telescope,Glass,Venus
Tide,Sea,Moon
Tide,Sea,Time
Tsunami,Sea,Earthquake
Tsunami,Sea,Explosion
Village,House,House
Windmill,Wind,House
Acid rain,Cloud,Smoke
Archipelago,Island,Island
Archipelago,Island,Sea
Archipelago,Island,Ocean
Barn,House,Field
Bayonet,Gun,Blade
Bayonet,Gun,Sword
Bell,Sound,Metal
Binoculars,Telescope,Telescope
Binoculars,Glasses,Glasses
City,Village,Village
Day,Sun,Sky
Day,Sun,Time
Double rainbow!,Rainbow,Rainbow
Electricity,Solar cell,Sun
Excalibur,Sword,Stone
Excalibur,Sword,Lake
Fence,Field,Wall
Flamethrower,Gun,Fire
Flamethrower,Gun,Volcano
Fog,Cloud,Earth
Fog,Cloud,Mountain
Fog,Cloud,Field
Galaxy cluster,Galaxy,Galaxy
Hangar,Rocket,House
Hangar,Rocket,Wall
Horizon,Earth,Sky
Horizon,Continent,Sky
Horizon,Land,Sky
Horizon,Lake,Sky
Horizon,Ocean,Sky
Horizon,Sea,Sky
Jupiter,Planet,Cloud
Life,Primordial soup,Time
Life,Primordial soup,Volcano
Life,Primordial soup,Energy
Light sword,Sword,Energy
Lightning,Energy,Cloud
Meteor,Meteoroid,Atmosphere
Meteor,Meteoroid,Sky
Meteor,Meteoroid,Air
Night,Sky,Moon
Night,Time,Moon
Paint,Water,Rainbow
Park,Village,Field
Prism,Glass,Rainbow
Rain,Cloud,Heat
Rain,Cloud,Pressure
Rain,Cloud,Water
Ruins,Time,House
Ruins,Time,Village
Safety glasses,Glasses,Explosion
Skyscraper,House,Sky
Skyscraper,House,Cloud
Skyscraper,Village,Sky
Space,Solar system,Sky
Storm,Cloud,Cloud
Stun gun,Gun,Energy
Sunglasses,Glasses,Sun
Sunglasses,Glasses,Beach
Sunglasses,Glasses,Sky
Swim goggles,Glasses,Water
Swim goggles,Glasses,Lake
Swim goggles,Glasses,Sea
Swim goggles,Glasses,Ocean
Swim goggles,Glasses,River
Water gun,Gun,Water
Water gun,Gun,Puddle
Alien,Life,Space
Alien,Life,Galaxy
Alien,Life,Galaxy cluster
Alien,Life,Solar system
Alien,Life,Mars
Alien,Life,Venus
Alien,Life,Mercury
Alien,Life,Jupiter
Animal,Life,Land
Animal,Life,Mountain
Animal,Life,Mountain range
Animal,Life,Beach
Animal,Life,Desert
Bacteria,Life,Primordial soup
Bacteria,Life,Mud
Clock,Time,Electricity
Darkness,Sky,Night
Dawn,Day,Night
Dawn,Time,Night
Death,Time,Life
Farm,House,Barn
Human,Clay,Life
Light bulb,Glass,Electricity
Magic,Life,Rainbow
Magic,Life,Double rainbow!
Ozone,Electricity,Atmosphere
Ozone,Electricity,Air
Phoenix,Fire,Life
Plankton,Water,Life
Plankton,Ocean,Life
Plankton,Sea,Life
Robot,Life,Metal
Smog,Smoke,Fog
Smog,City,Smoke
Smog,City,Fog
Smog,City,Atmosphere
Smog,City,Air
Snow,Rain,Mountain
Snow,Rain,Mountain range
Soil,Earth,Life
Soil,Land,Life
Spaceship,Space,Metal
Star,Night,Sky
Star,Night,Telescope
Star,Space,Telescope
Star,Sky,Space
Star,Night,Space
Star,Sun,Space
Twilight,Day,Night
Twilight,Day,Time
Universe,Galaxy cluster,Galaxy cluster
Wind turbine,Windmill,Electricity
Wind turbine,Wind,Electricity
Wire,Metal,Electricity
Alarm clock,Clock,Sound
Alarm clock,Clock,Dawn
Alarm clock,Clock,Bell
Alchemist,Human,Gold
Allergy,Human,Dust
Antarctica,Desert,Snow
Antarctica,Continent,Snow
Archeologist,Ruins,Human
Astronaut,Human,Space
Astronaut,Human,Spaceship
Astronaut,Human,Space station
Astronaut,Human,Rocket
Astronaut,Human,Moon
Astronaut,Human,Mars
Astronaut,Human,Solar system
Astronaut,Human,Mercury
Astronaut,Human,Jupiter
Astronaut,Human,Venus
Astronomer,Human,Telescope
Beaver,Animal,Dam
Beaver,Animal,River
Bird,Animal,Sky
Bird,Animal,Air
Blizzard,Snow,Storm
Blizzard,Snow,Hurricane
Blizzard,Snow,Tornado
Blizzard,Snow,Snow
Blizzard,Snow,Wind
Blood,Human,Blade
Butterfly,Animal,Rainbow
Butterfly,Animal,Double rainbow!
Cable car,Mountain,Wire
Cable car,Mountain range,Wire
Camel,Desert,Animal
Camel,Dune,Animal
Cat,Animal,Night
Chain,Wire,Metal
Cold,Human,Rain
Cold,Human,Mountain range
Cold,Human,Mountain
Cold,Human,Snow
Cold,Human,Wind
Cold,Human,Storm
Constellation,Star,Star
Corpse,Human,Bullet
Corpse,Human,Blade
Corpse,Human,Death
Corpse,Human,Time
Corpse,Human,Explosion
Crystal ball,Glass,Magic
Cyborg,Robot,Human
Dew,Water,Dawn
Dew,Fog,Dawn
Domestication,Animal,Human
Dynamite,Gunpowder,Wire
Egg,Phoenix,Phoenix
Electrician,Human,Electricity
Electrician,Human,Wire
Family,Human,Human
Family,Human,House
Farmer,Human,Field
Farmer,Human,Barn
Farmer,Human,Plow
Firefighter,Human,Fire
Fish,Animal,Water
Fish,Animal,Sea
Fish,Animal,Ocean
Fish,Animal,Lake
Force knight,Human,Light sword
Frog,Animal,Pond
Frog,Animal,Puddle
Glacier,Mountain,Snow
Glacier,Mountain range,Snow
Gravestone,Death,Stone
Hacker,Human,Glasses
Hero,Human,Lightning
Horse,Animal,Field
Horse,Animal,Land
Idea,Human,Light bulb
Igloo,House,Snow
Lamp,Light bulb,Metal
Light,Electricity,Light bulb
Livestock,Animal,Field
Livestock,Animal,Barn
Lizard,Stone,Animal
Lizard,Heat,Animal
Love,Human,Human
Meat,Sword,Animal
Microscope,Bacteria,Glass
Microscope,Bacteria,Glasses
Microscope,Bacteria,Safety glasses
Monarch,Human,Excalibur
Mummy,Pyramid,Human
Organic matter,Life,Death
Organic matter,Bacteria,Death
Painter,Human,Paint
Pig,Mud,Animal
Plant,Life,Soil
Plant,Rain,Soil
Potter,Human,Clay
Sailor,Human,Sea
Sailor,Human,Ocean
Sailor,Human,Lake
Samurai,Human,Katana
Science,Human,Telescope
Science,Human,Universe
Scorpion,Animal,Sand
Scorpion,Animal,Dune
Shuriken,Star,Blade
Shuriken,Star,Sword
Shuriken,Star,Metal
Sickness,Human,Bacteria
Ski goggles,Snow,Glasses
Ski goggles,Snow,Sunglasses
Skier,Human,Mountain
Skier,Human,Mountain range
Sloth,Animal,Time
Snake,Animal,Wire
Snow globe,Glass,Snow
Snowball,Snow,Human
Snowball,Snow,Stone
Snowball,Snow,Earth
Snowman,Snow,Human
Starfish,Star,Ocean
Starfish,Star,Sea
Sundial,Sun,Clock
Surfer,Human,Wave
Surfer,Human,Beach
Swimmer,Human,Water
Swimmer,Human,Swim goggles
Swimmer,Human,Pond
Swimmer,Human,Swimming pool
Tool,Human,Metal
Tool,Human,Stone
Turtle,Animal,Beach
Ufo,Alien,Rocket
Ufo,Alien,Spaceship
Ufo,Alien,Space station
Ufo,Alien,Sky
Warrior,Human,Sword
Watch,Clock,Human
Wizard,Human,Magic
Wizard,Human,Rainbow
Wizard,Human,Double rainbow!
Wolf,Animal,Moon
Airplane,Bird,Metal
Algae,Water,Plant
Alligator,Lizard,River
Alligator,Lizard,Lake
Angel,Human,Bird
Angel,Human,Light
Arctic,Cold,Sea
Arctic,Cold,Ocean
Ash,Fire,Plant
Bacon,Pig,Fire
Birdcage,Bird,Safe
Birdcage,Bird,Wall
Birdhouse,Bird,House
Birdhouse,Bird,Wall
Bone,Time,Corpse
Bone,Wolf,Corpse
Bone,Wolf,Meat
Butcher,Human,Meat
Cactus,Sand,Plant
Cactus,Desert,Plant
Cage,Wolf,Metal
Cage,Wolf,Wall
Carbon dioxide,Plant,Night
Carrot,Snowman,Sun
Castle,Warrior,Stone
Castle,Warrior,Wall
Castle,Warrior,House
Castle,Monarch,House
Castle,Monarch,Wall
Catnip,Cat,Plant
Cave,House,Wolf
Centaur,Horse,Human
Chameleon,Lizard,Rainbow
Chameleon,Lizard,Double rainbow!
Chameleon,Snake,Rainbow
Chameleon,Snake,Double rainbow!
Chameleon,Turtle,Rainbow
Chameleon,Turtle,Double rainbow!
Charcoal,Fire,Corpse
Charcoal,Fire,Organic matter
Chicken,Bird,Domestication
Chicken,Bird,Livestock
Chicken,Bird,Farmer
Chicken,Bird,Farm
Chicken,Bird,Barn
Chicken,Egg,Domestication
Chicken,Egg,Livestock
Chicken,Egg,Farmer
Chicken,Egg,Barn
Chicken,Egg,Farm
Chill,Air,Cold
Chill,Human,Cold
Coal,Pressure,Organic matter
Computer,Hacker,Tool
Computer,Hacker,Electricity
Computer,Hacker,Wire
Cotton,Plant,Cloud
Cow,Livestock,Barn
Cow,Livestock,Field
Cow,Livestock,Farmer
Crow,Bird,Field
Cuckoo,Bird,Clock
Cuckoo,Bird,Alarm clock
Dinosaur,Lizard,Time
Dog,Wolf,Domestication
Dog,Wolf,Farmer
Dog,Wolf,Farm
Dog,Wolf,Barn
Dog,Wolf,Field
Don quixote,Windmill,Hero
Dragon,Lizard,Fire
Dragon,Lizard,Air
Dragon,Lizard,Sky
Duck,Bird,Water
Duck,Bird,Pond
Duck,Bird,Lake
Eagle,Bird,Mountain
Eagle,Bird,Mountain range
Egg timer,Egg,Clock
Egg timer,Egg,Alarm clock
Egg timer,Egg,Watch
Electric eel,Fish,Electricity
Family tree,Time,Family
Firestation,House,Firefighter
Firestation,Firefighter,Land
Firestation,Firefighter,Village
Firestation,Firefighter,City
Fishing rod,Fish,Tool
Fishing rod,Fish,Wire
Flashlight,Tool,Light
Flashlight,Tool,Light bulb
Flashlight,Tool,Lamp
Flashlight,Human,Lamp
Flower,Plant,Rainbow
Flower,Plant,Double rainbow!
Flying fish,Fish,Bird
Flying fish,Fish,Sky
Flying fish,Fish,Air
Fossil,Corpse,Stone
Frankenstein's monster,Corpse,Lightning
Frankenstein's monster,Corpse,Electricity
Fridge,Cold,Metal
Fridge,Cold,Electricity
Garden,Plant,House
Gas,Air,Idea
Gas,Air,Science
Ghost,Gravestone,Night
Goat,Livestock,Mountain
Goat,Livestock,Mountain range
Grass,Plant,Earth
Grass,Plant,Land
Grave,Earth,Corpse
Grave,Field,Corpse
Graveyard,Gravestone,Gravestone
Graveyard,Gravestone,Field
Graveyard,Gravestone,Land
Greenhouse,Glass,Plant
Greenhouse,Aquarium,Plant
Ham,Smoke,Meat
Ham,Smoke,Pig
Hammer,Tool,Metal
Hammer,Tool,Stone
Hedge,Plant,Fence
Hedge,Plant,Wall
Hippo,Horse,River
Hippo,Horse,Water
Horseshoe,Horse,Metal
Hospital,House,Sickness
Hospital,Wall,Sickness
Hummingbird,Bird,Butterfly
Ice,Water,Cold
Ice,Puddle,Cold
Iceberg,Sea,Antarctica
Iceberg,Ocean,Antarctica
Ivy,Plant,Wall
Jerky,Meat,Sun
Jerky,Meat,Heat
Knight,Warrior,Hero
Knight,Warrior,Horse
Lava lamp,Lamp,Lava
Lava lamp,Lamp,Fire
Lava lamp,Lamp,Volcano
Leather,Blade,Pig
Leather,Sword,Pig
Leather,Tool,Pig
Lens,Glass,Tool
Lighthouse,Light,House
Lighthouse,Light,Ocean
Lighthouse,Light,Sea
Lighthouse,Light,Beach
Lion,Cat,Animal
Lion,Cat,Blood
Lion,Cat,Monarch
Liquid,Water,Science
Liquid,Water,Idea
Machine,Tool,Tool
Machine,Tool,Chain
Machine,Boiler,Tool
Machine,Boiler,Chain
Magma,Lava,Science
Magma,Volcano,Science
Medusa,Snake,Human
Medusa,Snake,Hero
Mermaid,Fish,Human
Mermaid,Fish,Magic
Mermaid,Fish,Swimmer
Mermaid,Swimmer,Magic
Mineral,Organic matter,Stone
Mineral,Organic matter,Earth
Mineral,Organic matter,Mountain
Moss,Stone,Plant
Moth,Butterfly,Moon
Moth,Butterfly,Night
Moth,Butterfly,Light
Moth,Butterfly,Lamp
Motion,Wind,Science
Motion,Wind,Idea
Motion,Tornado,Science
Motion,River,Science
Nest,Bird,House
Ninja,Human,Shuriken
Ninja turtle,Turtle,Shuriken
Ninja turtle,Turtle,Katana
Omelette,Egg,Fire
Omelette,Egg,Heat
Omelette,Egg,Tool
Optical fiber,Wire,Light
Ostrich,Bird,Earth
Ostrich,Bird,Sand
Owl,Bird,Night
Owl,Bird,Wizard
Owl,Bird,Moon
Owl,Bird,Twilight
Oxygen,Sun,Plant
Peacock,Bird,Rainbow
Peacock,Bird,Double rainbow!
Pegasus,Horse,Bird
Pegasus,Horse,Sky
Penguin,Bird,Antarctica
Penguin,Bird,Snow
Penguin,Bird,Cold
Penguin,Animal,Antarctica
Philosophy,Human,Idea
Pigeon,Bird,City
Pigeon,Bird,Skyscraper
Pigeon,Bird,Village
Piggy bank,Pig,Gold
Piranha,Fish,Blood
Piranha,Fish,Wolf
Pirate,Sailor,Sword
Pirate,Sailor,Bayonet
Pirate,Sailor,Gun
Platypus,Beaver,Bird
Pollen,Plant,Dust
Pollen,Plant,Wind
Pottery,Clay,Tool
Reed,Plant,Pond
Reed,Plant,Puddle
Reed,Plant,River
Ring,Love,Gold
Ring,Love,Metal
Roe,Egg,Fish
Roe,Egg,Water
Roe,Egg,Ocean
Roe,Egg,Sea
Roe,Egg,Lake
Rope,Wire,Tool
Rose,Love,Plant
Rose,Blade,Plant
Saddle,Horse,Tool
Seagull,Bird,Sea
Seagull,Bird,Ocean
Seagull,Bird,Beach
Seahorse,Horse,Water
Seahorse,Horse,Sea
Seahorse,Horse,Ocean
Seahorse,Horse,Lake
Seahorse,Horse,Fish
Seasickness,Sickness,Sea
Seasickness,Sickness,Ocean
Seasickness,Sickness,Lake
Seaweed,Plant,Sea
Seaweed,Plant,Ocean
Seaweed,Plant,Lake
Shark,Wolf,Sea
Shark,Wolf,Ocean
Shark,Wolf,Fish
Shark,Blood,Sea
Shark,Blood,Ocean
Shark,Blood,Fish
Sheep,Livestock,Land
Sheep,Livestock,Cloud
Skeleton,Time,Corpse
Snowboard,Snow,Surfer
Snowboard,Surfer,Mountain
Snowboard,Surfer,Mountain range
Solid,Earth,Idea
Solid,Earth,Science
Spotlight,Light,Metal
Steak,Meat,Fire
Stethoscope,Tool,Sound
Story,Human,Hero
Sunflower,Sun,Plant
Swordfish,Fish,Sword
Swordfish,Fish,Blade
Tobacco,Plant,Fire
Tobacco,Plant,Smoke
Toolbox,Tool,Safe
Toucan,Bird,Rainbow
Toucan,Bird,Double rainbow!
Tree,Plant,Time
Umbrella,Rain,Tool
Umbrella,Storm,Tool
Unicorn,Horse,Magic
Unicorn,Horse,Rainbow
Unicorn,Horse,Double rainbow!
Vampire,Human,Blood
Vegetable,Farmer,Field
Vegetable,Farmer,Plant
Vegetable,Plant,Field
Vegetable,Plant,Domestication
Vulture,Corpse,Bird
Vulture,Desert,Bird
Wand,Wizard,Sword
Wand,Wizard,Tool
Werewolf,Human,Wolf
Wheel,Tool,Water
Wheel,Tool,River
Wild boar,Pig,Animal
Windsurfer,Wind,Surfer
Zombie,Corpse,Life
Zombie,Corpse,Bacteria
Alpaca,Sheep,Mountain
Alpaca,Sheep,Mountain range
Angler,Human,Fishing rod
Angler,Sailor,Fishing rod
Ant,Grass,Animal
Battery,Electricity,Mineral
Bee,Animal,Flower
Bee,Animal,Garden
Bicycle,Wheel,Wheel
Bicycle,Wheel,Chain
Bicycle,Wheel,Machine
Big,Universe,Philosophy
Big,Galaxy,Philosophy
Big,Galaxy cluster,Philosophy
Big,Solar system,Philosophy
Big,Sun,Philosophy
Big,Planet,Philosophy
Bonsai tree,Tree,Pottery
Bonsai tree,Tree,Scissors
Bonsai tree,Tree,Wire
Cannon,Gunpowder,Castle
Cannon,Gun,Castle
Car,Wheel,Metal
Cauldron,Pottery,Metal
Caviar,Roe,Salt
Chicken coop,Chicken,House
Chicken coop,Chicken,Wall
Chicken coop,Chicken,Barn
Chicken soup,Chicken,Water
Chicken soup,Chicken,Liquid
Chicken wing,Chicken,Bone
Christmas tree,Tree,Light bulb
Christmas tree,Tree,Star
Christmas tree,Tree,Light
Coconut,Beach,Vegetable
Combustion engine,Explosion,Machine
Computer mouse,Computer,Animal
Container,Philosophy,Safe
Container,Philosophy,Pottery
Container,Philosophy,House
Cook,Human,Vegetable
Coral,Tree,Sea
Coral,Tree,Ocean
Coral,Fossil,Sea
Coral,Fossil,Ocean
Coral,Bone,Sea
Coral,Bone,Ocean
Cyclist,Human,Wheel
Diamond,Coal,Pressure
Doctor,Human,Hospital
Doctor,Human,Stethoscope
Doge,Dog,Computer
Doghouse,Dog,House
Doghouse,Dog,Wall
Drone,Robot,Airplane
Dry ice,Carbon dioxide,Cold
Dry ice,Carbon dioxide,Ice
Duckling,Egg,Duck
Engineer,Human,Machine
Fairy tale,Story,Monarch
Fairy tale,Story,Castle
Fairy tale,Story,Knight
Fairy tale,Story,Dragon
Fairy tale,Story,Unicorn
Faun,Human,Goat
Faun,Wizard,Goat
Faun,Magic,Goat
Fire extinguisher,Carbon dioxide,Fire
Fire extinguisher,Carbon dioxide,Pressure
Fire extinguisher,Carbon dioxide,Metal
Fire extinguisher,Carbon dioxide,Boiler
Forest,Tree,Tree
Forest,Tree,Plant
Forest,Tree,Land
Fox,Chicken,Animal
Fox,Chicken,Wolf
Fox,Chicken,Dog
Fruit,Flower,Time
Fruit,Flower,Rain
Fruit,Flower,Water
Fruit,Flower,Tree
Fruit,Tree,Farmer
Gardener,Human,Garden
Gardener,Farmer,Garden
Gnome,Garden,Story
Golem,Clay,Story
Hail,Ice,Rain
Hail,Ice,Cloud
Hail,Ice,Storm
Hail,Ice,Wind
Hail,Ice,Steam
Hail,Ice,Sky
Harp,Angel,Wire
Hay,Grass,Farmer
Hay,Grass,Sun
Hay,Grass,Grass
Hay,Grass,Barn
Hay,Grass,Farm
Helicopter,Airplane,Blade
Helicopter,Airplane,Windmill
Helicopter,Airplane,Wind turbine
Husky,Dog,Snow
Husky,Dog,Ice
Husky,Dog,Antarctica
Husky,Dog,Arctic
Husky,Dog,Blizzard
Husky,Dog,Glacier
Internet,Computer,Computer
Internet,Computer,Wire
Jack-o'-lantern,Vegetable,Ghost
Jack-o'-lantern,Vegetable,Skeleton
Jack-o'-lantern,Vegetable,Night
Juice,Vegetable,Pressure
Juice,Vegetable,Stone
Juice,Vegetable,Explosion
Juice,Vegetable,Water
Kaiju,Dinosaur,City
Kaiju,Dinosaur,Skyscraper
Kaiju,Dinosaur,Story
Lasso,Rope,Cow
Lasso,Rope,Horse
Lasso,Rope,Pig
Lasso,Rope,Wild boar
Lasso,Rope,Sheep
Lasso,Rope,Goat
Lawn,Grass,House
Lawn mower,Grass,Tool
Lawn mower,Grass,Machine
Leaf,Tree,Wind
Leaf,Flower,Wind
Legend,Story,Time
Legend,Story,Story
Lumberjack,Human,Tree
Manatee,Cow,Sea
Manatee,Cow,Ocean
Manatee,Cow,Fish
Manatee,Cow,Lake
Manatee,Cow,River
Milk,Cow,Farmer
Milk,Cow,Tool
Milk,Cow,Water
Milk,Cow,Liquid
Milk,Goat,Farmer
Milk,Goat,Tool
Milk,Goat,Water
Milk,Goat,Liquid
Minotaur,Human,Cow
Minotaur,Cow,Werewolf
Minotaur,Cow,Story
Mold,Vegetable,Time
Mold,Vegetable,Bacteria
Monkey,Animal,Tree
Mountain goat,Goat,Mountain
Mountain goat,Goat,Mountain range
Narwhal,Unicorn,Fish
Narwhal,Unicorn,Sea
Narwhal,Unicorn,Ocean
Narwhal,Unicorn,Water
Narwhal,Unicorn,Shark
Narwhal,Unicorn,Swordfish
Narwhal,Unicorn,Flying fish
Nessie,Lake,Story
Nessie,Dinosaur,Story
Net,Fishing rod,Rope
Net,Fish,Rope
Net,Swordfish,Rope
Net,Flying fish,Rope
Nuts,Tree,Farmer
Nuts,Tree,Field
Nuts,Tree,Domestication
Oil,Sunflower,Pressure
Oil,Sunflower,Stone
Oil,Sunflower,Wheel
Oil,Sunflower,Windmill
Ore,Hammer,Earth
Ore,Hammer,Stone
Ore,Hammer,Mountain
Paleontologist,Human,Dinosaur
Paleontologist,Human,Fossil
Paleontologist,Science,Dinosaur
Paleontologist,Science,Fossil
Palm,Tree,Beach
Palm,Tree,Island
Palm,Tree,Sand
Parachute,Airplane,Umbrella
Parachute,Umbrella,Sky
Parachute,Umbrella,Atmosphere
Parrot,Bird,Pirate
Parrot,Pigeon,Pirate
Peat,Time,Grass
Perfume,Flower,Water
Perfume,Flower,Steam
Perfume,Rose,Water
Perfume,Rose,Steam
Perfume,Sunflower,Water
Perfume,Sunflower,Steam
Petroleum,Fossil,Pressure
Petroleum,Fossil,Time
Petroleum,Fossil,Liquid
Petroleum,Fossil,Water
Pilot,Human,Airplane
Pipe,Tobacco,Tool
Pirate ship,Pirate,House
Polar bear,Animal,Ice
Polar bear,Animal,Arctic
Potato,Earth,Vegetable
Pterodactyl,Dinosaur,Air
Pterodactyl,Dinosaur,Sky
Pterodactyl,Dinosaur,Bird
Pterodactyl,Dinosaur,Eagle
Pterodactyl,Dinosaur,Vulture
Pterodactyl,Dinosaur,Airplane
Pumpkin,Vegetable,Field
Pumpkin,Vegetable,Farmer
Quicksilver,Metal,Liquid
Rabbit,Animal,Carrot
Rivulet,Puddle,Motion
Sand castle,Castle,Sand
Sand castle,Castle,Beach
Sand castle,Castle,Desert
Sand castle,Castle,Dune
Sap,Tree,Blade
Saturn,Ring,Planet
Scalpel,Blade,Hospital
Scalpel,Sword,Hospital
Scythe,Blade,Grass
Scythe,Sword,Grass
Seal,Dog,Sea
Seal,Dog,Ocean
Seal,Dog,Arctic
Seal,Dog,Water
Seal,Dog,Lake
Seaplane,Airplane,Water
Seaplane,Airplane,Sea
Seaplane,Airplane,Ocean
Seaplane,Airplane,Lake
Seed,Pollen,Plant
Seed,Time,Flower
Skateboard,Wheel,Snowboard
Skateboard,Wheel,Skier
Skateboard,Wheel,Ski goggles
Small,Philosophy,Bacteria
Small,Philosophy,Oxygen
Small,Philosophy,Carbon dioxide
Small,Philosophy,Ozone
Small,Philosophy,Scorpion
Small,Philosophy,Seahorse
Snowboarder,Human,Snowboard
Soda,Carbon dioxide,Water
Sphinx,Lion,Stone
Statue,Stone,Hammer
Statue,Medusa,Human
Statue,Medusa,Hacker
Statue,Medusa,Sailor
Statue,Medusa,Farmer
Statue,Medusa,Firefighter
Statue,Medusa,Surfer
Statue,Medusa,Astronaut
Statue,Medusa,Butcher
Statue,Medusa,Mirror
Steam engine,Steam,Machine
Steam engine,Steam,Wheel
Steam engine,Boiler,Wheel
Steel,Metal,Coal
Steel,Metal,Charcoal
Steel,Metal,Mineral
Steel,Metal,Ash
Stream,Pond,Motion
Sushi,Fish,Seaweed
Swamp,Mud,Grass
Swamp,Mud,Tree
Swamp,Tree,Lake
Swamp,Algae,Lake
Swamp,Algae,Pond
Swamp,Reed,Lake
Swamp,Reed,Pond
Swamp,Reed,Mud
The one ring,Ring,Volcano
The one ring,Ring,Magic
Thread,Cotton,Cotton
Thread,Cotton,Tool
Thread,Cotton,Wheel
Thread,Cotton,Machine
Treehouse,Tree,House
Trojan horse,Horse,Machine
Tunnel,Cave,Mountain
Tunnel,Cave,Mountain range
Tyrannosaurus rex,Dinosaur,Meat
Tyrannosaurus rex,Dinosaur,Blood
Tyrannosaurus rex,Dinosaur,Monarch
Vase,Pottery,Plant
Vase,Pottery,Flower
Vase,Pottery,Rose
Water lily,Flower,Pond
Water lily,Flower,Puddle
Water lily,Flower,Lake
Wheat,Grass,Farmer
Wheat,Grass,Domestication
Wheat,Grass,Field
Wood,Tree,Tool
Wood,Tree,Sword
Woodpecker,Bird,Tree
Wool,Sheep,Tool
Wool,Sheep,Scissors
Wool,Sheep,Blade
Yeti,Mountain,Story
Yeti,Mountain range,Story
Yeti,Glacier,Story
Yeti,Antarctica,Story
Zoo,Animal,Cage
Alcohol,Time,Juice
Alcohol,Wheat,Fruit
Alcohol,Wheat,Juice
Alcohol,Fruit,Sun
Ambulance,Car,Hospital
Ambulance,Car,Doctor
Ant farm,Farm,Ant
Ant farm,Ant,Glass
Anthill,Ant,House
Anthill,Ant,Container
Anthill,Ant,Earth
Anthill,Ant,Land
Anthill,Ant,Soil
Arrow,Wood,Bullet
Aviary,Big,Birdcage
Axe,Wood,Blade
Axe,Wood,Tool
Axe,Wood,Stone
Axe,Tool,Lumberjack
Banana,Fruit,Monkey
Beehive,House,Bee
Beehive,Tree,Bee
Beehive,Forest,Bee
Beehive,Wall,Bee
Beehive,Wood,Bee
Beehive,Container,Bee
Beekeeper,Human,Bee
Beekeeper,Farmer,Bee
Blood bag,Blood,Container
Boat,Wood,Water
Boat,Wood,Sea
Boat,Wood,Ocean
Boat,Wood,Lake
Boat,Wood,River
Book,Container,Story
Book,Container,Fairy tale
Book,Container,Legend
Book,Container,Idea
Bottle,Container,Milk
Bottle,Container,Water
Bottle,Container,Juice
Bottle,Container,Oil
Bottle,Container,Soda
Bottle,Container,Perfume
Bottle,Container,Liquid
Boulder,Big,Stone
Bow,Wood,Rope
Bow,Wood,Wire
Broom,Wood,Hay
Bucket,Container,Wood
Bucket,Container,Paint
Bucket,Chicken wing,Container
Bus,Car,Car
Bus,Car,City
Bus,Car,Big
Butter,Milk,Pressure
Butter,Milk,Energy
Butter,Milk,Motion
Butter,Milk,Tool
Butterfly net,Butterfly,Net
Butterfly net,Bee,Net
Campfire,Fire,Wood
Cart,Wheel,Wood
Cashmere,Mountain goat,Thread
Cashmere,Mountain goat,Tool
Cashmere,Mountain goat,Scissors
Cashmere,Mountain goat,Wool
Cereal,Wheat,Milk
Chainsaw,Lumberjack,Machine
Chainsaw,Lumberjack,Electricity
Cheese,Milk,Tool
Cheese,Milk,Time
Cheese,Milk,Cook
Cheese,Milk,Bacteria
Christmas stocking,Christmas tree,Wool
Closet,Container,Toolbox
Closet,Container,Umbrella
Coconut milk,Coconut,Milk
Coconut milk,Coconut,Tool
Coconut milk,Coconut,Hammer
Coconut milk,Coconut,Sword
Coconut milk,Coconut,Blade
Coffin,Wood,Corpse
Coffin,Container,Corpse
Coffin,Container,Vampire
Cutting board,Wood,Cook
Drum,Wood,Leather
Electric car,Electricity,Car
Electric car,Car,Wind turbine
Electric car,Solar cell,Car
Fabric,Thread,Machine
Fabric,Thread,Tool
Fabric,Thread,Wheel
Fireplace,Wood,Container
Firetruck,Firefighter,Car
Firetruck,Fire,Car
Firetruck,Fire extinguisher,Car
Flour,Wheat,Wheat
Flour,Wheat,Stone
Flour,Wheat,Windmill
Flour,Wheat,Wheel
Flute,Wood,Wind
Flute,Wood,Air
Fountain,Statue,Water
Fountain,Statue,Stream
French fries,Oil,Vegetable
French fries,Oil,Potato
French fries,Fire,Potato
Fruit tree,Fruit,Tree
Fruit tree,Fruit,Plant
Fruit tree,Fruit,Wood
Garage,Car,House
Garage,Car,Container
Garage,Car,Wall
Garage,Car,Barn
Grim reaper,Human,Scythe
Grim reaper,Corpse,Scythe
Grim reaper,Zombie,Scythe
Grim reaper,Death,Scythe
Grim reaper,River,Scythe
Gust,Wind,Small
Gust,Air,Small
Hay bale,Hay,Hay
Hay bale,Hay,Barn
Hay bale,Hay,Machine
Hill,Mountain,Small
Honey,Bee,Flower
Honey,Bee,Time
Honey,Bee,Bee
Ice cream,Milk,Cold
Ice cream,Milk,Ice
Ice cream,Milk,Snow
Ice sculpture,Ice,Statue
Jam,Juice,Fruit
Jam,Juice,Machine
Jam,Fruit,Machine
Jam,Fruit,Heat
Knife,Blade,Cook
Knife,Sword,Cook
Laptop,Computer,Small
Little alchemy (element),Small,Alchemist
Log cabin,Wood,House
Maple syrup,Sap,Heat
Mayonnaise,Egg,Oil
Moon rover,Moon,Car
Motorcycle,Bicycle,Machine
Motorcycle,Bicycle,Metal
Motorcycle,Bicycle,Steel
Motorcycle,Bicycle,Steam engine
Motorcycle,Bicycle,Combustion engine
Needle,Thread,Metal
Needle,Thread,Steel
Needle,Thread,Tool
Paper,Wood,Pressure
Paper,Wood,Water
Paper,Wood,Blender
Paper,Wood,Machine
Peanut butter,Nuts,Pressure
Pebble,Small,Earth
Pebble,Small,Stone
Pencil,Wood,Coal
Pencil,Wood,Charcoal
Penicillin,Mold,Doctor
Penicillin,Mold,Science
Penicillin,Mold,Idea
Penicillin,Mold,Hospital
Pinocchio,Wood,Life
Pinocchio,Wood,Story
Pinocchio,Golem,Story
Pitchfork,Hay,Tool
Pitchfork,Hay,Metal
Pitchfork,Hay,Steel
Popsicle,Juice,Ice
Popsicle,Juice,Cold
Popsicle,Juice,Snow
Popsicle,Juice,Wood
Quicksand,Sand,Swamp
Rainforest,Rain,Forest
Rat,Animal,Pirate ship
Reindeer,Animal,Christmas tree
Reindeer,Livestock,Christmas tree
Restaurant,House,Cook
Roller coaster,Park,Car
Rv,House,Car
Sack,Container,Salt
Santa,Christmas tree,Human
Santa,Christmas tree,Legend
Santa,Christmas tree,Story
Scarecrow,Hay,Human
Scarecrow,Hay,Statue
Scarecrow,Hay,Golem
Scarecrow,Farm,Statue
Scarecrow,Barn,Statue
Scuba tank,Container,Air
Scuba tank,Container,Atmosphere
Scuba tank,Container,Oxygen
Sewing machine,Thread,Machine
Sewing machine,Thread,Electricity
Sewing machine,Thread,Robot
Shovel,Tool,Gardener
Silo,Wheat,Container
Silo,Wheat,House
Silo,Wheat,Barn
Silo,Wheat,Wall
Silo,Wheat,Farm
Silo,Wheat,Safe
Silo,Wheat,Bank
Smoothie,Fruit,Blender
Smoothie,Fruit,Ice
Smoothie,Fruit,Cold
Snowmobile,Snow,Car
Snowmobile,Glacier,Car
Snowmobile,Ice,Car
Soap,Oil,Ash
Soap,Oil,Clay
Spider,Animal,Thread
Spider,Animal,Net
Squirrel,Animal,Nuts
Steamboat,Steam engine,Pirate ship
Steamboat,Steam engine,Ocean
Steamboat,Steam engine,Sea
Steel wool,Wool,Steel
Steel wool,Wool,Metal
Steel wool,Wool,Wire
Sugar,Fruit,Fire
Sugar,Fruit,Energy
Sugar,Juice,Fire
Sugar,Juice,Energy
Sweater,Wool,Tool
Sweater,Wool,Human
Tailor,Human,Thread
Tank,Car,Gun
Tank,Car,Metal
Tank,Car,Steel
Tea,Leaf,Water
Tea,Leaf,Human
Tea,Leaf,Heat
Thermometer,Quicksilver,Glass
Thermometer,Quicksilver,Tool
Thermometer,Quicksilver,Engineer
Titanic,Iceberg,Legend
Tractor,Car,Farmer
Tractor,Car,Field
Tractor,Car,Cow
Train,Steam engine,Metal
Train,Steam engine,Steel
Train,Steam engine,Wheel
Vault,Safe,Big
Water pipe,Water,Pipe
Witch,Cauldron,Story
Witch,Cauldron,Legend
Yogurt,Bacteria,Milk
Apron,Fabric,Cook
Armor,Metal,Fabric
Armor,Steel,Fabric
Bandage,Fabric,Blood
Bandage,Fabric,Sword
Bandage,Fabric,Blade
Batter,Milk,Flour
Batter,Coconut milk,Flour
Bbq,Campfire,Metal
Bbq,Campfire,Steel
Bbq,Campfire,Garden
Bbq,Campfire,House
Bbq,Campfire,Meat
Beer,Alcohol,Wheat
Box,Container,Pencil
Box,Container,Cereal
Candy cane,Sugar,Christmas tree
Candy cane,Sugar,Christmas stocking
Candy cane,Sugar,Santa
Candy cane,Sugar,Reindeer
Canvas,Fabric,Paint
Caramel,Sugar,Heat
Chocolate,Sugar,Milk
Chocolate,Sugar,Oil
Chocolate,Sugar,Coconut milk
Chocolate,Sugar,Seed
Cigarette,Tobacco,Paper
Confetti,Paper,Scissors
Confetti,Paper,Blade
Cookbook,Book,Cook
Cotton candy,Sugar,Air
Cotton candy,Sugar,Thread
Cotton candy,Sugar,Cloud
Crayon,Rainbow,Pencil
Crayon,Double rainbow!,Pencil
Crayon,Pencil,Paint
Cup,Container,Smoothie
Cup,Container,Tea
Cup,Bottle,Smoothie
Cup,Bottle,Tea
Diver,Scuba tank,Human
Diver,Scuba tank,Swimmer
Diver,Scuba tank,Sea
Diver,Scuba tank,Ocean
Diver,Scuba tank,Lake
Dough,Flour,Water
Dough,Flour,Puddle
Dough,Flour,Rain
Drunk,Human,Alcohol
Excavator,Shovel,Big
Excavator,Shovel,Car
Flying squirrel,Squirrel,Bird
Flying squirrel,Squirrel,Hummingbird
Flying squirrel,Squirrel,Seagull
Flying squirrel,Squirrel,Pigeon
Flying squirrel,Squirrel,Air
Flying squirrel,Squirrel,Airplane
Flying squirrel,Squirrel,Seaplane
Flying squirrel,Squirrel,Helicopter
Fork,Pitchfork,Small
Frozen yogurt,Yogurt,Cold
Frozen yogurt,Yogurt,Ice
Gift,Christmas tree,Santa
Gift,Santa,Christmas stocking
Gift,Santa,Chimney
Gift,Santa,Fireplace
Gift,Santa,Milk
Hamburger,Meat,Cheese
Hamster,Rat,Wheel
Hamster,Rat,Domestication
Hedgehog,Animal,Needle
Hedgehog,Rat,Needle
Ice cream truck,Ice cream,Car
Ice cream truck,Ice cream,Bus
Iced tea,Tea,Ice
Iced tea,Tea,Cold
Jar,Jam,Container
Jar,Jam,Bottle
Jar,Jam,Glass
Jar,Jam,Bucket
Kite,Paper,Wind
Kite,Paper,Sky
Kite,Paper,Air
Letter,Paper,Pencil
Library,Book,Container
Library,Book,House
Map,Paper,Land
Map,Paper,Hill
Map,Paper,Mountain
Map,Paper,Mountain range
Map,Paper,Continent
Map,Paper,Ocean
Map,Paper,Sea
Map,Paper,Lake
Map,Paper,River
Map,Paper,City
Map,Paper,Village
Marshmallows,Sugar,Campfire
Milk shake,Ice cream,Milk
Milk shake,Ice cream,Yogurt
Milk shake,Ice cream,Water
Money,Paper,Gold
Money,Paper,Diamond
Money,Paper,Bank
Mouse,Animal,Cheese
Mouse,Cheese,Barn
Mouse,Cheese,House
Mouse,Cheese,Farm
Mouse,Cheese,Wall
Mousetrap,Cheese,Wood
Mousetrap,Cheese,Metal
Mousetrap,Cheese,Steel
Musician,Human,Flute
Musician,Human,Drum
Newspaper,Paper,Paper
Newspaper,Paper,Story
Orchard,Fruit tree,Fruit tree
Orchard,Fruit tree,Field
Orchard,Fruit tree,Tree
Orchard,Fruit tree,Farmer
Orchard,Fruit tree,Farm
Orchard,Fruit tree,Forest
Orchard,Fruit tree,Container
Origami,Paper,Bird
Origami,Paper,Animal
Origami,Paper,Eagle
Origami,Paper,Seagull
Origami,Paper,Owl
Origami,Paper,Pigeon
Origami,Paper,Cow
Origami,Paper,Horse
Origami,Paper,Dog
Origami,Paper,Cat
Origami,Paper,Lion
Origami,Paper,Hummingbird
Origami,Paper,Chicken
Origami,Paper,Penguin
Origami,Paper,Duck
Origami,Paper,Vulture
Pan flute,Flute,Flute
Paper airplane,Airplane,Paper
Pasta,Flour,Egg
Pencil sharpener,Pencil,Blade
Pencil sharpener,Pencil,Blender
Pencil sharpener,Pencil,Sword
Pizza,Cheese,Wheel
Printer,Computer,Paper
Recipe,Paper,Flour
Recipe,Paper,Meat
Recipe,Paper,Vegetable
Recipe,Paper,Fruit
Recipe,Paper,Cook
Robot vacuum,Robot,Broom
Robot vacuum,Computer,Broom
Rock,Pebble,Pebble
Rock,Pebble,Big
Rock,Boulder,Small
Ruler,Wood,Pencil
Sailboat,Boat,Wind
Sailboat,Boat,Fabric
Sailboat,Steamboat,Wind
Sailboat,Steamboat,Fabric
Sandpaper,Sand,Paper
Sandpaper,Sand,Fabric
Sleigh,Cart,Snow
Sleigh,Cart,Ice
Sleigh,Cart,Arctic
Sleigh,Cart,Antarctica
Smoke signal,Fabric,Campfire
Smoke signal,Fabric,Smoke
Spoon,Shovel,Small
Sprinkles,Sugar,Paint
Sprinkles,Sugar,Rainbow
Sprinkles,Sugar,Double rainbow!
Syringe,Doctor,Needle
Syringe,Tool,Needle
Tablet,Laptop,Small
Tent,Fabric,Wood
Tent,Fabric,House
Tent,Fabric,Village
Tent,Fabric,Wall
Trainyard,Train,Container
Trainyard,Train,House
Trainyard,Train,Wall
Trainyard,Train,Garage
Vacuum cleaner,Broom,Electricity
Vacuum cleaner,Broom,Machine
Vine,Rainforest,Rope
Vine,Rainforest,Thread
Vine,Rainforest,Wire
Wagon,Cart,Horse
Wagon,Cart,Fabric
Wagon,Cart,House
Wagon,Cart,Wall
Wagon,Cart,Cow
Wax,Beehive,Bee
Wax,Beehive,Wall
Wax,Beehive,Blade
Wax,Beehive,Sword
Wax,Beehive,Tool
Wax,Beehive,Beekeeper
Web,Spider,Thread
Web,Spider,Cotton
Web,Spider,Fabric
Web,Spider,Net
Wine,Alcohol,Fruit
Wine,Alcohol,Juice
Wrapping paper,Paper,Christmas tree
Wrapping paper,Paper,Christmas stocking
Wrapping paper,Paper,Santa
Writer,Human,Book
Writer,Human,Pencil
Armadillo,Armor,Animal
Armadillo,Armor,Dog
Armadillo,Armor,Cat
Baker,Human,Pizza
Baker,Human,Batter
Baker,Human,Dough
Banana bread,Dough,Banana
Barrel,Wine,Container
Barrel,Wine,Wood
Bat,Mouse,Sky
Bat,Mouse,Air
Bat,Mouse,Bird
Bat,Mouse,Hummingbird
Bat,Mouse,Atmosphere
Bread,Dough,Fire
Bread,Dough,Energy
Bulletproof vest,Bullet,Armor
Bulletproof vest,Gun,Armor
Candle,Wax,Thread
Candle,Wax,Fire
Candle,Wax,Light
Candle,Wax,Flashlight
Candle,Wax,Lamp
Cheeseburger,Cheese,Hamburger
Chocolate milk,Chocolate,Milk
Chocolate milk,Chocolate,Coconut milk
Circus,Tent,Big
Circus,Tent,Animal
Cookie cutter,Blade,Dough
Cookie dough,Dough,Sugar
Cookie dough,Dough,Chocolate
Donut,Dough,Oil
Donut,Dough,Wheel
Email,Letter,Computer
Email,Letter,Computer mouse
Email,Letter,Internet
Email,Letter,Electricity
Gingerbread house,House,Dough
Gingerbread man,Dough,Life
Gingerbread man,Dough,Magic
Gingerbread man,Dough,Story
Hot chocolate,Chocolate,Heat
Librarian,Human,Library
Mac and cheese,Cheese,Pasta
Mail truck,Car,Letter
Mailbox,Letter,Box
Mailbox,Letter,Metal
Mailbox,Letter,Steel
Mailbox,Letter,Wood
Mailman,Human,Letter
Mailman,Human,Newspaper
Music,Musician,Flute
Music,Musician,Drum
Music,Musician,Pan flute
Painting,Canvas,Paint
Painting,Canvas,Painter
Paper cup,Cup,Paper
Paraglider,Kite,Big
Pie,Dough,Fruit
Pie,Dough,Meat
Post office,Letter,Letter
Post office,Letter,House
Post office,Letter,Wall
Smartphone,Small,Tablet
Spaghetti,Pasta,Thread
Spaghetti,Pasta,Wire
Spaghetti,Pasta,Rope
String phone,Cup,Wire
String phone,Cup,Thread
Treasure map,Map,Pirate
Treasure map,Map,Pirate ship
Treasure map,Map,Island
Vinegar,Wine,Time
Vinegar,Wine,Air
Vinegar,Wine,Oxygen
Bakery,House,Bread
Bakery,House,Baker
Bakery,House,Donut
Bakery,City,Bread
Bakery,City,Baker
Bakery,City,Donut
Bakery,Village,Bread
Bakery,Village,Baker
Bakery,Village,Donut
Bakery,Baker,Container
Cake,Dough,Candle
Cake,Donut,Candle
Cake,Bread,Sugar
Cookie,Cookie dough,Heat
Cookie,Cookie dough,Fire
Cookie,Cookie dough,Baker
Cookie,Cookie dough,Cookie cutter
Cookie,Dough,Cookie cutter
Fortune cookie,Paper,Cookie dough
Fortune cookie,Paper,Gingerbread man
Sandwich,Bread,Meat
Sandwich,Bread,Bacon
Sandwich,Bread,Ham
Sandwich,Bread,Cheese
Sandwich,Bread,Vegetable
Sheet music,Music,Paper
Sheet music,Music,Book
Toast,Bread,Fire
Treasure,Treasure map,Pirate
Treasure,Treasure map,Pirate ship
Treasure,Treasure map,Island
Treasure,Treasure map,Sailor
Grilled cheese,Cheese,Toast
Picnic,Sandwich,Grass
Picnic,Sandwich,Beach
Picnic,Sandwich,Lawn
Picnic,Sandwich,Garden
Picnic,Sandwich,Fabric
